WER,EER,Runtime (s)
0.08253358925143954,0.5833333333339238,171.43193554878235
